model,precision@2,recall@2,mrr,bleu,rouge_l,semantic_similarity,response_time
DeepSeek,0.0,0.0,0.0,0.03739302305136522,0.2450076322312316,0.6118235836426417,14.590533053333154
Grok,0.0,0.0,0.0,0.048661809772301175,0.2508676235311195,0.5897576898336411,30.84014342000179
OpenAI,0.0,0.0,0.0,0.08061153391525715,0.306398065307424,0.619507011771202,2.8478620133336032
